,acc,MF1,MSE
0,50.869061413673236,0.4845679852185144,1.9011201235998454
1,62.41792197759752,0.5868588118620852,1.440324449594438
2,68.2502896871379,0.6443113436019198,1.2108922363847046
3,72.0355349555813,0.6842060459953971,1.0772499034376206
4,73.65778292777134,0.700638143315372,1.030127462340672
5,74.81653147933565,0.7106563860426592,0.9656237929702588
6,76.24565469293162,0.7252946960421122,0.9134801081498648
7,77.17265353418308,0.7349373299643074,0.8721514098107377
8,77.90652761684048,0.7418427901138257,0.8412514484356894
9,78.79490150637312,0.7511366239278395,0.8219389725762842
10,79.37427578215527,0.7581672066520327,0.8099652375434531
11,80.18539976825029,0.7673068816808355,0.7786790266512167
12,80.33989957512553,0.7692295076489468,0.7697952877558903
13,80.72614909231363,0.7737187934881805,0.7585940517574353
14,80.88064889918888,0.7751546650258689,0.7570490536886829
15,81.49864812668984,0.7817696534478075,0.7292390884511394
16,81.80764774044033,0.7844639272258392,0.720355349555813
17,82.00077249903438,0.7860856797023429,0.7176516029354963
18,82.15527230590962,0.7878642710331519,0.7168791039011201
19,82.34839706450366,0.790364973446516,0.7076091154886056
20,82.38702201622247,0.7908713023571302,0.709154113557358
21,82.61877172653534,0.7932710562290216,0.701429123213596
22,82.96639629200465,0.7971420385638531,0.6875241405948243
23,83.27539590575512,0.8016052232709611,0.6759366550791811
24,83.62302047122441,0.8055079096162616,0.6689841637697953
25,83.73889532638084,0.8075796162277276,0.6628041714947857
26,83.9320200849749,0.8095952541975105,0.6577829277713403
27,84.27964465044418,0.8139588030193954,0.6469679412900734
28,84.27964465044418,0.8141857125022575,0.6469679412900734
29,84.66589416763229,0.8188019931465969,0.6357667052916184
30,84.7431440710699,0.8198890879508873,0.630745461568173
31,85.0521436848204,0.8239233598101795,0.61915797605253
32,85.20664349169563,0.8257605110097819,0.615681730397837
33,85.47701815372731,0.828718779715709,0.6071842410196987
34,85.59289300888373,0.8298087324730608,0.6037079953650057
35,85.63151796060255,0.8302555713404435,0.6013904982618772
36,85.7860177674778,0.8321400521878294,0.5963692545384318
37,85.8632676709154,0.8333413238774122,0.5936655079181151
38,85.8632676709154,0.8334182758520977,0.5955967555040557
39,85.94051757435304,0.8341470678610288,0.5936655079181151
40,86.09501738122827,0.8361030369385072,0.5859405175743531
41,86.28814213982233,0.8383332311552398,0.5828505214368482
42,86.32676709154113,0.8386967168101357,0.5855542680571649
43,86.36539204325994,0.839350844483697,0.5840092699884125
44,86.48126689841638,0.8406986828535102,0.5805330243337196
45,86.5198918501352,0.8410898811002805,0.5770567786790266
46,86.558516801854,0.8415454946658223,0.5743530320587099
47,86.558516801854,0.8415454946658223,0.5743530320587099
48,86.5971417535728,0.8421283703728863,0.5739667825415218
49,86.71301660872925,0.8435918864385581,0.570876786404017
50,86.71301660872925,0.8436475567698305,0.5739667825415218
51,86.79026651216685,0.8447761563635213,0.5720355349555813
52,86.9447663190421,0.8468163278136742,0.5631517960602549
53,87.02201622247972,0.8479631242261555,0.5631517960602549
54,87.06064117419852,0.848354617754394,0.5596755504055619
55,87.13789107763616,0.8494517817430307,0.555813055233681
56,87.21514098107377,0.8503942403953386,0.5550405561993047
57,87.29239088451139,0.8514872265076594,0.5511780610274237
58,87.29239088451139,0.8512741432068623,0.5480880648899189
59,87.29239088451139,0.8512741432068623,0.5480880648899189
60,87.36964078794901,0.8522346956758968,0.5461568173039784
61,87.44689069138664,0.8531766155876845,0.5453843182696022
62,87.56276554654306,0.8548386547440839,0.541135573580533
63,87.60139049826188,0.8552072424563457,0.540749324063345
64,87.56276554654306,0.8548448288186057,0.5442255697180378
65,87.56276554654306,0.8548448288186057,0.5442255697180378
66,87.56276554654306,0.8549256191920496,0.5442255697180378
67,87.75589030513711,0.8573204179418793,0.5349555813055233
68,87.79451525685593,0.8574194988440852,0.5345693317883352
69,87.87176516029355,0.8584044329348585,0.5326380842023948
70,87.87176516029355,0.8584044329348585,0.5326380842023948
71,88.02626496716879,0.8600307311052579,0.5268443414445731
72,88.10351487060642,0.8607250800246004,0.5249130938586327
73,88.14213982232523,0.8609769355783228,0.5214368482039398
74,88.21938972576284,0.8619623657280284,0.5195056006179992
75,88.33526458091927,0.8634166673090073,0.5152568559289301
76,88.37388953263809,0.863987827113777,0.514870606411742
77,88.41251448435689,0.8643554405698316,0.511394360757049
78,88.52838933951332,0.8656784661362954,0.5059868675164156
79,88.56701429123214,0.8660622911328794,0.5044418694476632
80,88.48976438779451,0.8650788948886146,0.5063731170336037
81,88.52838933951332,0.8655314102072907,0.5059868675164156
82,88.48976438779451,0.8650788948886146,0.5063731170336037
83,88.48976438779451,0.8650387012436842,0.5052143684820394
84,88.60563924295096,0.8664980391810978,0.5017381228273464
85,88.68288914638856,0.8673193984732558,0.49787562765546545
86,88.68288914638856,0.8673193984732558,0.49787562765546545
87,88.68288914638856,0.8673193984732558,0.49787562765546545
88,88.68288914638856,0.8673193984732558,0.49787562765546545
89,88.72151409810738,0.8678300784272566,0.4943993820007725
90,88.798764001545,0.8687804520951292,0.492468134414832
91,88.798764001545,0.8687804520951292,0.492468134414832
92,88.83738895326381,0.8693676843950203,0.48783314020857477
93,88.87601390498261,0.8698761694563131,0.4843568945538818
94,88.91463885670143,0.8702464165812894,0.48088064889918886
95,88.99188876013905,0.8711250963604925,0.48010814986481265
96,89.03051371185786,0.871692331723736,0.4797219003476246
97,89.10776361529548,0.8725579289700951,0.4770181537273078
98,89.10776361529548,0.8726301742497052,0.47585940517574354
99,89.1850135187331,0.8736537178110602,0.47508690614136734
100,89.1850135187331,0.8736537178110602,0.47508690614136734
101,89.33951332560835,0.8757916877415948,0.4673619157976053
102,89.33951332560835,0.8757916877415948,0.4673619157976053
103,89.41676322904596,0.8766667676701552,0.46040942448821937
104,89.41676322904596,0.8766667676701552,0.46040942448821937
105,89.5326380842024,0.8781779348187312,0.45809192738509075
106,89.5326380842024,0.8781779348187312,0.45809192738509075
107,89.5712630359212,0.8787399674297873,0.45770567786790267
108,89.5712630359212,0.8786780294473779,0.45461568173039785
109,89.68713789107764,0.8800287685530582,0.45229818462726923
110,89.72576284279644,0.880484195025534,0.447663190421012
111,89.76438779451526,0.880868537625461,0.4461181923522596
112,89.80301274623407,0.8814283348211321,0.44573194283507145
113,89.88026264967168,0.8824041855512517,0.44380069524913096
114,89.95751255310931,0.8834232128452385,0.44302819621475475
115,90.03476245654693,0.8843798850298863,0.4391657010428737
116,90.07338740826573,0.8849028730358608,0.4418694476631904
117,90.07338740826573,0.8849028730358608,0.4418694476631904
118,90.07338740826573,0.884825121004953,0.44071069911162614
119,90.18926226342217,0.8864351510429909,0.436461954422557
120,90.18926226342217,0.8864351510429909,0.436461954422557
121,90.18926226342217,0.8864351510429909,0.436461954422557
122,90.18926226342217,0.8864351510429909,0.436461954422557
123,90.2665121668598,0.8873669692891384,0.43568945538818077
124,90.2665121668598,0.8873669692891384,0.43568945538818077
125,90.2665121668598,0.8873669692891384,0.43568945538818077
126,90.3051371185786,0.8878595367995754,0.4322132097334878
127,90.45963692545385,0.889474433108511,0.42603321745847816
128,90.49826187717265,0.8898942567866851,0.4213982232522209
129,90.49826187717265,0.8898942567866851,0.4213982232522209
130,90.57551178061027,0.890767042434037,0.4206257242178447
131,90.61413673232909,0.8913352242522188,0.4190807261490923
132,90.6527616840479,0.8916532731034108,0.41869447663190423
133,90.76863653920432,0.8929813329351095,0.4175357280803399
134,90.76863653920432,0.8929813329351095,0.4175357280803399
135,90.76863653920432,0.8929813329351095,0.4175357280803399
136,90.84588644264194,0.8939257878378564,0.4156044804943994
137,90.84588644264194,0.8939257878378564,0.4156044804943994
138,91.00038624951719,0.8959171007970431,0.4078794901506373
139,91.039011201236,0.8964684391560779,0.4074932406334492
140,91.07763615295481,0.8970193635188068,0.4071069911162611
141,91.07763615295481,0.8970193635188068,0.4071069911162611
142,91.07763615295481,0.8970370021057266,0.40903823870220163
143,91.19351100811124,0.8982806582318965,0.40247199691000385
144,91.15488605639243,0.8977958147987046,0.4059482425646968
145,91.15488605639243,0.8977958147987046,0.4059482425646968
146,91.15488605639243,0.8977958147987046,0.4059482425646968
147,91.11626110467363,0.8973103582529304,0.4094244882193897
148,91.23213595983005,0.8986819279235523,0.402858246427192
149,91.23213595983005,0.8986819279235523,0.402858246427192
150,91.23213595983005,0.8986190730057788,0.4059482425646968
151,91.30938586326766,0.899484525526422,0.39899575125531095
152,91.34801081498648,0.8999860751428674,0.39745075318655854
153,91.30938586326766,0.8994369430351714,0.3978370027037466
154,91.30938586326766,0.8994369430351714,0.3978370027037466
155,91.30938586326766,0.8994369430351714,0.3978370027037466
156,91.3866357667053,0.9004689394009368,0.3939745075318656
157,91.42526071842411,0.9009512018963685,0.3904982618771727
158,91.42526071842411,0.9009512018963685,0.3904982618771727
159,91.42526071842411,0.9009512018963685,0.3904982618771727
160,91.46388567014291,0.9012634440091228,0.39011201235998455
161,91.50251062186172,0.9017110671346606,0.3874082657396678
162,91.54113557358053,0.9021928757386098,0.3839320200849749
163,91.54113557358053,0.9021928757386098,0.3839320200849749
164,91.54113557358053,0.9022740922716087,0.3839320200849749
165,91.54113557358053,0.9022740922716087,0.3839320200849749
166,91.54113557358053,0.9020938443844585,0.38277327153341056
167,91.61838547701815,0.9028696187574128,0.37775202780996525
168,91.61838547701815,0.9028696187574128,0.37775202780996525
169,91.69563538045577,0.903720148077464,0.3758207802240247
170,91.73426033217459,0.9042018155243254,0.3723445345693318
171,91.77288528389339,0.904700142173144,0.3707995365005794
172,91.77288528389339,0.904700142173144,0.3707995365005794
173,91.8115102356122,0.9051666184537054,0.37041328698339127
174,91.8115102356122,0.9051666184537054,0.37041328698339127
175,91.8115102356122,0.9051666184537054,0.37041328698339127
176,91.8115102356122,0.9051666184537054,0.37041328698339127
177,91.8115102356122,0.9051666184537054,0.37041328698339127
178,91.85013518733102,0.9056331653868765,0.3700270374662032
179,91.85013518733102,0.9056331653868765,0.3700270374662032
180,91.85013518733102,0.9056331653868765,0.3700270374662032
181,91.85013518733102,0.9056331653868765,0.3700270374662032
182,91.85013518733102,0.9056331653868765,0.3700270374662032
183,91.96601004248744,0.906894961970842,0.36152954808806487
184,92.00463499420626,0.9073924912204683,0.35998455001931245
185,92.00463499420626,0.9073924912204683,0.35998455001931245
186,91.96601004248744,0.9070261985498005,0.36152954808806487
187,91.96601004248744,0.9070261985498005,0.36152954808806487
188,92.00463499420626,0.90742323894216,0.35998455001931245
189,92.00463499420626,0.90742323894216,0.35998455001931245
190,92.00463499420626,0.90742323894216,0.35998455001931245
191,92.04325994592507,0.9079028278350709,0.35650830436461955
192,92.08188489764387,0.9082861181613543,0.35496330629586714
193,92.08188489764387,0.9082861181613543,0.35496330629586714
194,92.08188489764387,0.9082861181613543,0.35496330629586714
195,92.08188489764387,0.9082861181613543,0.35496330629586714
196,92.08188489764387,0.9082861181613543,0.35496330629586714
197,92.08188489764387,0.9082861181613543,0.35496330629586714
198,92.12050984936269,0.9086835713588832,0.35341830822711473
199,92.15913480108149,0.9091521550053288,0.3530320587099266
200,92.12050984936269,0.908765032179847,0.35650830436461955
201,92.15913480108149,0.90930932488796,0.3561220548474314
202,92.15913480108149,0.90930932488796,0.3561220548474314
203,92.23638470451911,0.9102512176195435,0.35419080726149094
204,92.31363460795674,0.9111775336556964,0.3522595596755504
205,92.35225955967556,0.9115452581749246,0.350714561606798
206,92.35225955967556,0.9115452581749246,0.350714561606798
207,92.42950946311316,0.9124768621026466,0.34685206643491695
208,92.46813441483198,0.9128758999638173,0.34530706836616454
209,92.46813441483198,0.9128758999638173,0.34530706836616454
210,92.5453843182696,0.9138083230265679,0.3414445731942835
211,92.5453843182696,0.9138083230265679,0.3414445731942835
212,92.5453843182696,0.9138083230265679,0.3414445731942835
213,92.5453843182696,0.9138083230265679,0.3414445731942835
214,92.5453843182696,0.9138083230265679,0.3414445731942835
215,92.58400926998841,0.9142788940590598,0.3410583236770954
216,92.58400926998841,0.9142788940590598,0.3410583236770954
217,92.58400926998841,0.9142788940590598,0.3410583236770954
218,92.62263422170722,0.9147495543492108,0.3406720741599073
219,92.62263422170722,0.9147495543492108,0.3406720741599073
220,92.69988412514485,0.9154403299492118,0.3398995751255311
221,92.69988412514485,0.9154403299492118,0.3398995751255311
222,92.69988412514485,0.9154403299492118,0.3398995751255311
223,92.69988412514485,0.9153733672825446,0.33680957898802627
224,92.69988412514485,0.9153733672825446,0.33680957898802627
225,92.69988412514485,0.9153733672825446,0.33680957898802627
226,92.69988412514485,0.9153733672825446,0.33680957898802627
227,92.73850907686365,0.9159169150420992,0.33642332947083814
228,92.77713402858247,0.9163878111763843,0.33603707995365006
229,92.85438393202008,0.9171905303779518,0.33294708381614524
230,92.85438393202008,0.9171905303779518,0.33294708381614524
231,92.9316338354577,0.9180688096179077,0.32792584009269987
232,92.9316338354577,0.9180688096179077,0.32792584009269987
233,92.97025878717652,0.9185612133928249,0.32638084202394746
234,92.97025878717652,0.9185612133928249,0.32638084202394746
235,93.00888373889534,0.9190530723791577,0.32483584395519505
236,93.00888373889534,0.9190530723791577,0.32483584395519505
237,93.00888373889534,0.9190530723791577,0.32483584395519505
238,93.00888373889534,0.9190530723791577,0.32483584395519505
239,93.04750869061414,0.9195274449382785,0.32135959830050215
240,93.04750869061414,0.9195274449382785,0.32135959830050215
241,93.08613364233295,0.9200012411625519,0.3178833526458092
242,93.08613364233295,0.9200012411625519,0.3178833526458092
243,93.08613364233295,0.9200012411625519,0.3178833526458092
244,93.08613364233295,0.9200012411625519,0.3178833526458092
245,93.16338354577057,0.921013619816908,0.31402085747392816
246,93.16338354577057,0.921013619816908,0.31402085747392816
247,93.16338354577057,0.921013619816908,0.31402085747392816
248,93.20200849748937,0.921486994789185,0.31363460795674003
249,93.31788335264581,0.9226891125786981,0.3070683661645423
250,93.39513325608343,0.9234730644489522,0.3032058709926613
251,93.43375820780224,0.923868455574509,0.2997296253379683
252,93.43375820780224,0.923868455574509,0.2997296253379683
253,93.43375820780224,0.923868455574509,0.2997296253379683
254,93.51100811123986,0.9247229563467021,0.294708381614523
255,93.54963306295868,0.9251188127799818,0.29123213595983005
256,93.54963306295868,0.9251188127799818,0.29123213595983005
257,93.58825801467748,0.9255244702041902,0.28968713789107764
258,93.6268829663963,0.9260009342504438,0.2893008883738895
259,93.6268829663963,0.9260009342504438,0.2893008883738895
260,93.6268829663963,0.9260009342504438,0.2893008883738895
261,93.6268829663963,0.9260009342504438,0.2893008883738895
262,93.6268829663963,0.9260009342504438,0.2893008883738895
263,93.6655079181151,0.9263827027267951,0.2877558903051371
264,93.6655079181151,0.9263827027267951,0.2877558903051371
265,93.70413286983391,0.9269209454108769,0.287369640787949
266,93.70413286983391,0.9269209454108769,0.287369640787949
267,93.74275782155273,0.9272900629451436,0.2858246427191966
268,93.78138277327153,0.9277614862997806,0.28234839706450365
269,93.78138277327153,0.9277614862997806,0.28234839706450365
270,93.78138277327153,0.9277614862997806,0.28234839706450365
271,93.78138277327153,0.9277614862997806,0.28234839706450365
272,93.78138277327153,0.9277614862997806,0.28234839706450365
273,93.78138277327153,0.9277614862997806,0.28234839706450365
274,93.82000772499033,0.9282323444990286,0.27887215140981075
275,93.85863267670915,0.9287026403649487,0.2753959057551178
276,93.89725762842797,0.9291095562529348,0.2738509076863654
277,93.93588258014678,0.9295793896487667,0.2703746620316725
278,93.93588258014678,0.9295793896487667,0.2703746620316725
279,93.93588258014678,0.9295793896487667,0.2703746620316725
280,93.93588258014678,0.9295793896487667,0.2703746620316725
281,93.97450753186558,0.9300486652795342,0.26689841637697953
282,93.97450753186558,0.9300486652795342,0.26689841637697953
283,93.97450753186558,0.9300486652795342,0.26689841637697953
284,93.97450753186558,0.9300486652795342,0.26689841637697953
285,94.0131324835844,0.9305173859422315,0.2634221707222866
286,94.0517574353032,0.9309855544234835,0.2599459250675937
287,94.0517574353032,0.9309855544234835,0.2599459250675937
288,94.0517574353032,0.9309855544234835,0.2599459250675937
289,94.09038238702202,0.9313549166673178,0.25840092699884126
290,94.09038238702202,0.9313549166673178,0.25840092699884126
291,94.09038238702202,0.9313549166673178,0.25840092699884126
292,94.16763229045964,0.9322406208277252,0.2564696794129007
293,94.16763229045964,0.9322406208277252,0.2564696794129007
294,94.16763229045964,0.9322406208277252,0.2564696794129007
295,94.16763229045964,0.9322406208277252,0.2564696794129007
296,94.16763229045964,0.9322406208277252,0.2564696794129007
297,94.16763229045964,0.9322406208277252,0.2564696794129007
298,94.16763229045964,0.9322406208277252,0.2564696794129007
299,94.20625724217845,0.9326491039243553,0.2549246813441483
300,94.16763229045964,0.9321806479642443,0.25840092699884126
301,94.16763229045964,0.9321806479642443,0.25840092699884126
302,94.16763229045964,0.9321953229075453,0.26033217458478175
303,94.24488219389727,0.9330724171012776,0.25531093086133644
304,94.24488219389727,0.9330724171012776,0.25531093086133644
305,94.28350714561606,0.9335517126217372,0.2549246813441483
306,94.28350714561606,0.9335517126217372,0.2549246813441483
307,94.28350714561606,0.9335517126217372,0.2549246813441483
308,94.32213209733487,0.9338869027784229,0.24835843955195055
309,94.32213209733487,0.9338869027784229,0.24835843955195055
310,94.32213209733487,0.9338869027784229,0.24835843955195055
311,94.32213209733487,0.9338869027784229,0.24835843955195055
312,94.32213209733487,0.9338869027784229,0.24835843955195055
313,94.36075704905369,0.9343696150543573,0.24681344148319814
314,94.36075704905369,0.9343696150543573,0.24681344148319814
315,94.4380069524913,0.9353039731201117,0.2398609501738123
316,94.4380069524913,0.9353039731201117,0.2398609501738123
317,94.4380069524913,0.9353039731201117,0.2398609501738123
318,94.4380069524913,0.9353039731201117,0.2398609501738123
319,94.4380069524913,0.9353039731201117,0.2398609501738123
320,94.51525685592893,0.9362138928423438,0.23908845113943608
321,94.51525685592893,0.9362138928423438,0.23908845113943608
322,94.55388180764774,0.9367455659450885,0.23870220162224798
323,94.59250675936654,0.9372260211935656,0.23831595210505988
324,94.63113171108536,0.9376910202438329,0.23483970645036695
325,94.70838161452299,0.9385747033032689,0.2309772112784859
326,94.70838161452299,0.9385747033032689,0.2309772112784859
327,94.70838161452299,0.9385747033032689,0.2309772112784859
328,94.70838161452299,0.9385747033032689,0.2309772112784859
329,94.70838161452299,0.9385747033032689,0.2309772112784859
330,94.70838161452299,0.9385747033032689,0.2309772112784859
331,94.7470065662418,0.93905605135845,0.23059096176129779
332,94.7470065662418,0.93905605135845,0.23059096176129779
333,94.7470065662418,0.93905605135845,0.23059096176129779
334,94.7470065662418,0.93905605135845,0.23059096176129779
335,94.7470065662418,0.93905605135845,0.23059096176129779
336,94.7470065662418,0.93905605135845,0.23059096176129779
337,94.7470065662418,0.93905605135845,0.23059096176129779
338,94.7470065662418,0.93905605135845,0.23059096176129779
339,94.7470065662418,0.93905605135845,0.23059096176129779
340,94.7856315179606,0.9395207660589601,0.22711471610660486
341,94.7856315179606,0.9395207660589601,0.22711471610660486
342,94.86288142139823,0.9404485739238758,0.220162224797219
343,94.86288142139823,0.9404485739238758,0.220162224797219
344,94.86288142139823,0.9404485739238758,0.220162224797219
345,94.86288142139823,0.9404485739238758,0.220162224797219
346,94.86288142139823,0.9404485739238758,0.220162224797219
347,94.86288142139823,0.9404485739238758,0.220162224797219
348,94.86288142139823,0.9404485739238758,0.220162224797219
349,94.90150637311703,0.940818654913033,0.2186172267284666
350,94.90150637311703,0.940818654913033,0.2186172267284666
351,94.94013132483585,0.9412226624553997,0.21514098107377366
352,94.94013132483585,0.9412226624553997,0.21514098107377366
353,94.97875627655465,0.941627034355947,0.21166473541908074
354,95.01738122827346,0.942090311681129,0.2081884897643878
355,95.09463113171108,0.9430152626816889,0.20123599845500192
356,95.09463113171108,0.9430152626816889,0.20123599845500192
357,95.09463113171108,0.9430152626816889,0.20123599845500192
358,95.09463113171108,0.9430152626816889,0.20123599845500192
359,95.09463113171108,0.9430152626816889,0.20123599845500192
360,95.09463113171108,0.9430152626816889,0.20123599845500192
361,95.09463113171108,0.9430152626816889,0.20123599845500192
362,95.09463113171108,0.9430152626816889,0.20123599845500192
363,95.1332560834299,0.943490056369294,0.1996910003862495
364,95.17188103514872,0.9439643531783993,0.1981460023174971
365,95.28775589030514,0.9452091199993852,0.19080726149092314
366,95.36500579374277,0.9462600271642198,0.19003476245654694
367,95.36500579374277,0.9462600271642198,0.19003476245654694
368,95.36500579374277,0.9462600271642198,0.19003476245654694
369,95.36500579374277,0.9462600271642198,0.19003476245654694
370,95.36500579374277,0.9462600271642198,0.19003476245654694
371,95.36500579374277,0.9462600271642198,0.19003476245654694
372,95.36500579374277,0.9462600271642198,0.19003476245654694
373,95.36500579374277,0.9462600271642198,0.19003476245654694
374,95.36500579374277,0.9462600271642198,0.19003476245654694
375,95.36500579374277,0.9462600271642198,0.19003476245654694
376,95.36500579374277,0.9462600271642198,0.19003476245654694
377,95.36500579374277,0.9462600271642198,0.19003476245654694
378,95.44225569718037,0.9472691738768463,0.18926226342217073
379,95.44225569718037,0.9472691738768463,0.18926226342217073
380,95.44225569718037,0.9472691738768463,0.18926226342217073
381,95.44225569718037,0.9472691738768463,0.18926226342217073
382,95.44225569718037,0.9472691738768463,0.18926226342217073
383,95.44225569718037,0.9472691738768463,0.18926226342217073
384,95.48088064889919,0.9477939321088886,0.18887601390498263
385,95.48088064889919,0.9477939321088886,0.18887601390498263
386,95.519505600618,0.9482643911260938,0.1873310158362302
387,95.5581305523368,0.9487208055228312,0.18385477018153729
388,95.5581305523368,0.9487208055228312,0.18385477018153729
389,95.5581305523368,0.9487208055228312,0.18385477018153729
390,95.5581305523368,0.9487208055228312,0.18385477018153729
391,95.5581305523368,0.9487208055228312,0.18385477018153729
392,95.59675550405562,0.9491900933786037,0.18230977211278485
393,95.59675550405562,0.9491900933786037,0.18230977211278485
394,95.59675550405562,0.9491900933786037,0.18230977211278485
395,95.59675550405562,0.9491900933786037,0.18230977211278485
396,95.59675550405562,0.9491900933786037,0.18230977211278485
397,95.59675550405562,0.9491900933786037,0.18230977211278485
398,95.63538045577444,0.949508188380666,0.18192352259559674
399,95.63538045577444,0.949508188380666,0.18192352259559674
400,95.63538045577444,0.949406618467771,0.18076477404403243
401,95.63538045577444,0.949406618467771,0.18076477404403243
402,95.63538045577444,0.949406618467771,0.18076477404403243
403,95.63538045577444,0.949406618467771,0.18076477404403243
404,95.63538045577444,0.949406618467771,0.18076477404403243
405,95.63538045577444,0.949406618467771,0.18076477404403243
406,95.63538045577444,0.949406618467771,0.18076477404403243
407,95.63538045577444,0.949406618467771,0.18076477404403243
408,95.63538045577444,0.949406618467771,0.18076477404403243
409,95.63538045577444,0.949406618467771,0.18076477404403243
410,95.63538045577444,0.949406618467771,0.18076477404403243
411,95.63538045577444,0.949406618467771,0.18076477404403243
412,95.63538045577444,0.949406618467771,0.18076477404403243
413,95.63538045577444,0.949406618467771,0.18076477404403243
414,95.63538045577444,0.949406618467771,0.18076477404403243
415,95.63538045577444,0.949406618467771,0.18076477404403243
416,95.63538045577444,0.949406618467771,0.18076477404403243
417,95.63538045577444,0.949406618467771,0.18076477404403243
418,95.63538045577444,0.949406618467771,0.18076477404403243
419,95.63538045577444,0.949406618467771,0.18076477404403243
420,95.63538045577444,0.949406618467771,0.18076477404403243
421,95.63538045577444,0.949406618467771,0.18076477404403243
422,95.67400540749324,0.9498755751927587,0.17921977597528002
423,95.71263035921204,0.9503440593550269,0.1776747779065276
424,95.71263035921204,0.9503440593550269,0.1776747779065276
425,95.71263035921204,0.9503440593550269,0.1776747779065276
426,95.71263035921204,0.9503440593550269,0.1776747779065276
427,95.71263035921204,0.9503440593550269,0.1776747779065276
428,95.71263035921204,0.9503440593550269,0.1776747779065276
429,95.75125531093086,0.9508650088461544,0.1772885283893395
430,95.78988026264967,0.9512710941899947,0.17381228273464658
431,95.78988026264967,0.9512710941899947,0.17381228273464658
432,95.78988026264967,0.9512710941899947,0.17381228273464658
433,95.78988026264967,0.9512710941899947,0.17381228273464658
434,95.82850521436849,0.9516775427458116,0.17033603707995365
435,95.82850521436849,0.9516775427458116,0.17033603707995365
436,95.82850521436849,0.9516775427458116,0.17033603707995365
437,95.82850521436849,0.9516775427458116,0.17033603707995365
438,95.86713016608729,0.9521983245386889,0.16994978756276555
439,95.90575511780611,0.9526837612764523,0.16956353804557744
440,95.90575511780611,0.9526837612764523,0.16956353804557744
441,95.90575511780611,0.9526837612764523,0.16956353804557744
442,95.90575511780611,0.9526837612764523,0.16956353804557744
443,95.94438006952491,0.9531011128461723,0.16801853997682503
444,95.94438006952491,0.9531011128461723,0.16801853997682503
445,95.94438006952491,0.9531011128461723,0.16801853997682503
446,95.94438006952491,0.9531011128461723,0.16801853997682503
447,95.94438006952491,0.9531011128461723,0.16801853997682503
448,95.94438006952491,0.9531011128461723,0.16801853997682503
449,95.94438006952491,0.9531011128461723,0.16801853997682503
450,95.94438006952491,0.9531011128461723,0.16801853997682503
451,96.02162997296253,0.9540739350947087,0.164156044804944
452,96.06025492468135,0.9545935983856092,0.1637697952877559
453,96.09887987640016,0.9549076088404971,0.1633835457705678
454,96.09887987640016,0.9549076088404971,0.1633835457705678
455,96.09887987640016,0.9549076088404971,0.1633835457705678
456,96.09887987640016,0.9549076088404971,0.1633835457705678
457,96.13750482811896,0.9553252611897881,0.16183854770181538
458,96.13750482811896,0.9553252611897881,0.16183854770181538
459,96.13750482811896,0.9553252611897881,0.16183854770181538
460,96.13750482811896,0.9553252611897881,0.16183854770181538
461,96.13750482811896,0.9553252611897881,0.16183854770181538
462,96.13750482811896,0.9553252611897881,0.16183854770181538
463,96.13750482811896,0.9553252611897881,0.16183854770181538
464,96.13750482811896,0.9553252611897881,0.16183854770181538
465,96.13750482811896,0.9553252611897881,0.16183854770181538
466,96.13750482811896,0.9553252611897881,0.16183854770181538
467,96.13750482811896,0.9553252611897881,0.16183854770181538
468,96.13750482811896,0.9553252611897881,0.16183854770181538
469,96.13750482811896,0.9553252611897881,0.16183854770181538
470,96.13750482811896,0.9553252611897881,0.16183854770181538
471,96.13750482811896,0.9553252611897881,0.16183854770181538
472,96.17612977983777,0.9558446971960397,0.16145229818462728
473,96.17612977983777,0.9558446971960397,0.16145229818462728
474,96.17612977983777,0.9558446971960397,0.16145229818462728
475,96.17612977983777,0.9558446971960397,0.16145229818462728
476,96.17612977983777,0.9558446971960397,0.16145229818462728
477,96.17612977983777,0.9558446971960397,0.16145229818462728
478,96.17612977983777,0.9558446971960397,0.16145229818462728
479,96.17612977983777,0.9558446971960397,0.16145229818462728
480,96.17612977983777,0.9558446971960397,0.16145229818462728
481,96.21475473155658,0.9562534948625085,0.15797605252993432
482,96.21475473155658,0.9562534948625085,0.15797605252993432
483,96.2533796832754,0.9567727046391634,0.15758980301274622
484,96.2533796832754,0.9567727046391634,0.15758980301274622
485,96.2533796832754,0.9567727046391634,0.15758980301274622
486,96.29200463499421,0.9572226813424572,0.1541135573580533
487,96.29200463499421,0.9572226813424572,0.1541135573580533
488,96.29200463499421,0.9572226813424572,0.1541135573580533
489,96.29200463499421,0.9572226813424572,0.1541135573580533
490,96.33062958671302,0.9576055633465552,0.15256855928930088
491,96.33062958671302,0.9576055633465552,0.15256855928930088
492,96.33062958671302,0.9576055633465552,0.15256855928930088
493,96.33062958671302,0.9576055633465552,0.15256855928930088
494,96.33062958671302,0.9576055633465552,0.15256855928930088
495,96.33062958671302,0.9576055633465552,0.15256855928930088
496,96.33062958671302,0.9576055633465552,0.15256855928930088
497,96.33062958671302,0.9576055633465552,0.15256855928930088
498,96.33062958671302,0.9576055633465552,0.15256855928930088
499,96.33062958671302,0.9576055633465552,0.15256855928930088
500,96.33062958671302,0.9576055633465552,0.15256855928930088
501,96.33062958671302,0.9576055633465552,0.15256855928930088
502,96.33062958671302,0.9576055633465552,0.15256855928930088
503,96.33062958671302,0.9576055633465552,0.15256855928930088
504,96.33062958671302,0.9576055633465552,0.15256855928930088
505,96.33062958671302,0.9576055633465552,0.15256855928930088
506,96.33062958671302,0.9576055633465552,0.15256855928930088
507,96.33062958671302,0.9576055633465552,0.15256855928930088
508,96.33062958671302,0.9576055633465552,0.15256855928930088
509,96.33062958671302,0.9576055633465552,0.15256855928930088
510,96.33062958671302,0.9576055633465552,0.15256855928930088
511,96.36925453843183,0.9579196847817764,0.15218230977211278
512,96.36925453843183,0.9579196847817764,0.15218230977211278
513,96.36925453843183,0.9579196847817764,0.15218230977211278
514,96.36925453843183,0.9579196847817764,0.15218230977211278
515,96.36925453843183,0.9579196847817764,0.15218230977211278
516,96.40787949015063,0.9583695341795182,0.14870606411741985
517,96.44650444186945,0.9587788865556123,0.14522981846272692
518,96.44650444186945,0.9587788865556123,0.14522981846272692
519,96.44650444186945,0.9587788865556123,0.14522981846272692
520,96.44650444186945,0.9588158857123612,0.1440710699111626
521,96.44650444186945,0.9588158857123612,0.1440710699111626
522,96.44650444186945,0.9588158857123612,0.1440710699111626
523,96.48512939358825,0.9593042886456882,0.1436848203939745
524,96.48512939358825,0.9593042886456882,0.1436848203939745
525,96.48512939358825,0.9593042886456882,0.1436848203939745
526,96.48512939358825,0.9593042886456882,0.1436848203939745
527,96.48512939358825,0.9593042886456882,0.1436848203939745
528,96.48512939358825,0.9593042886456882,0.1436848203939745
529,96.48512939358825,0.9593042886456882,0.1436848203939745
530,96.48512939358825,0.9593042886456882,0.1436848203939745
531,96.48512939358825,0.9593042886456882,0.1436848203939745
532,96.48512939358825,0.9593042886456882,0.1436848203939745
533,96.48512939358825,0.9593042886456882,0.1436848203939745
534,96.48512939358825,0.9593042886456882,0.1436848203939745
535,96.48512939358825,0.9593042886456882,0.1436848203939745
536,96.48512939358825,0.9593042886456882,0.1436848203939745
537,96.48512939358825,0.9593042886456882,0.1436848203939745
538,96.48512939358825,0.9593042886456882,0.1436848203939745
539,96.48512939358825,0.9593042886456882,0.1436848203939745
540,96.48512939358825,0.9593042886456882,0.1436848203939745
541,96.48512939358825,0.9593042886456882,0.1436848203939745
542,96.56237929702588,0.9601776686625819,0.13866357667052917
543,96.56237929702588,0.9601776686625819,0.13866357667052917
544,96.56237929702588,0.9601776686625819,0.13866357667052917
545,96.56237929702588,0.9601776686625819,0.13866357667052917
546,96.56237929702588,0.9601776686625819,0.13866357667052917
547,96.56237929702588,0.9601776686625819,0.13866357667052917
548,96.56237929702588,0.9601776686625819,0.13866357667052917
549,96.56237929702588,0.9601776686625819,0.13866357667052917
550,96.56237929702588,0.9601776686625819,0.13866357667052917
551,96.56237929702588,0.9601776686625819,0.13866357667052917
552,96.60100424874469,0.9606944447147214,0.13827732715334107
553,96.60100424874469,0.9606944447147214,0.13827732715334107
554,96.60100424874469,0.9606944447147214,0.13827732715334107
555,96.60100424874469,0.9606944447147214,0.13827732715334107
556,96.60100424874469,0.9606944447147214,0.13827732715334107
557,96.60100424874469,0.9606944447147214,0.13827732715334107
558,96.60100424874469,0.9606944447147214,0.13827732715334107
559,96.60100424874469,0.9606944447147214,0.13827732715334107
560,96.60100424874469,0.9606944447147214,0.13827732715334107
561,96.60100424874469,0.9606944447147214,0.13827732715334107
562,96.60100424874469,0.9606944447147214,0.13827732715334107
563,96.60100424874469,0.9606944447147214,0.13827732715334107
564,96.60100424874469,0.9606944447147214,0.13827732715334107
565,96.60100424874469,0.9606944447147214,0.13827732715334107
566,96.63962920046349,0.9611836746685879,0.13789107763615296
567,96.63962920046349,0.9611836746685879,0.13789107763615296
568,96.63962920046349,0.9611836746685879,0.13789107763615296
569,96.63962920046349,0.9611836746685879,0.13789107763615296
570,96.63962920046349,0.9611836746685879,0.13789107763615296
571,96.63962920046349,0.9611836746685879,0.13789107763615296
572,96.63962920046349,0.9611836746685879,0.13789107763615296
573,96.63962920046349,0.9611836746685879,0.13789107763615296
574,96.63962920046349,0.9611836746685879,0.13789107763615296
575,96.63962920046349,0.9611836746685879,0.13789107763615296
576,96.63962920046349,0.9611836746685879,0.13789107763615296
577,96.63962920046349,0.9611836746685879,0.13789107763615296
578,96.63962920046349,0.9611836746685879,0.13789107763615296
579,96.63962920046349,0.9611836746685879,0.13789107763615296
580,96.63962920046349,0.9611836746685879,0.13789107763615296
581,96.63962920046349,0.9611836746685879,0.13789107763615296
582,96.63962920046349,0.9611836746685879,0.13789107763615296
583,96.6782541521823,0.9616730513578127,0.13750482811896486
584,96.6782541521823,0.9616730513578127,0.13750482811896486
585,96.6782541521823,0.9616730513578127,0.13750482811896486
586,96.6782541521823,0.9616730513578127,0.13750482811896486
587,96.71687910390112,0.9621213974624738,0.1340285824642719
588,96.71687910390112,0.9621213974624738,0.1340285824642719
589,96.71687910390112,0.9621213974624738,0.1340285824642719
590,96.71687910390112,0.9621213974624738,0.1340285824642719
591,96.79412900733874,0.9630193046430293,0.1320973348783314
592,96.79412900733874,0.9630193046430293,0.1320973348783314
593,96.79412900733874,0.9630193046430293,0.1320973348783314
594,96.79412900733874,0.9630193046430293,0.1320973348783314
595,96.79412900733874,0.9630193046430293,0.1320973348783314
596,96.79412900733874,0.9630193046430293,0.1320973348783314
597,96.79412900733874,0.9630193046430293,0.1320973348783314
598,96.79412900733874,0.9630193046430293,0.1320973348783314
599,96.79412900733874,0.9630193046430293,0.1320973348783314
600,96.79412900733874,0.9630193046430293,0.1320973348783314
601,96.83275395905756,0.9634666854353879,0.12862108922363846
602,96.83275395905756,0.9634666854353879,0.12862108922363846
603,96.83275395905756,0.9634666854353879,0.12862108922363846
604,96.83275395905756,0.9634666854353879,0.12862108922363846
605,96.83275395905756,0.9634666854353879,0.12862108922363846
606,96.83275395905756,0.9634666854353879,0.12862108922363846
607,96.83275395905756,0.9634666854353879,0.12862108922363846
608,96.83275395905756,0.9634666854353879,0.12862108922363846
609,96.83275395905756,0.9634666854353879,0.12862108922363846
610,96.87137891077636,0.9639817309392856,0.12823483970645036
611,96.87137891077636,0.9639817309392856,0.12823483970645036
612,96.87137891077636,0.9639817309392856,0.12823483970645036
613,96.87137891077636,0.9639817309392856,0.12823483970645036
614,96.87137891077636,0.9639817309392856,0.12823483970645036
615,96.87137891077636,0.9639817309392856,0.12823483970645036
616,96.87137891077636,0.9639817309392856,0.12823483970645036
617,96.87137891077636,0.9639817309392856,0.12823483970645036
618,96.87137891077636,0.9639817309392856,0.12823483970645036
619,96.87137891077636,0.9639817309392856,0.12823483970645036
620,96.87137891077636,0.9639817309392856,0.12823483970645036
621,96.87137891077636,0.9639817309392856,0.12823483970645036
622,96.87137891077636,0.9639817309392856,0.12823483970645036
623,96.87137891077636,0.9639817309392856,0.12823483970645036
624,96.87137891077636,0.9639817309392856,0.12823483970645036
625,96.87137891077636,0.9639817309392856,0.12823483970645036
626,96.87137891077636,0.9639817309392856,0.12823483970645036
627,96.87137891077636,0.9639817309392856,0.12823483970645036
628,96.87137891077636,0.9639817309392856,0.12823483970645036
629,96.91000386249517,0.9644965096751908,0.12784859018926226
630,96.91000386249517,0.9644965096751908,0.12784859018926226
631,96.91000386249517,0.9644965096751908,0.12784859018926226
632,96.94862881421398,0.9649858912457715,0.12746234067207415
633,96.94862881421398,0.9649858912457715,0.12746234067207415
634,96.94862881421398,0.9649858912457715,0.12746234067207415
635,96.94862881421398,0.9649858912457715,0.12746234067207415
636,96.94862881421398,0.9649858912457715,0.12746234067207415
637,96.94862881421398,0.9649858912457715,0.12746234067207415
638,96.94862881421398,0.9649858912457715,0.12746234067207415
639,96.94862881421398,0.9649858912457715,0.12746234067207415
640,96.94862881421398,0.9649858912457715,0.12746234067207415
641,96.94862881421398,0.9649858912457715,0.12746234067207415
642,96.94862881421398,0.9649858912457715,0.12746234067207415
643,96.94862881421398,0.9649858912457715,0.12746234067207415
644,96.94862881421398,0.9649858912457715,0.12746234067207415
645,96.94862881421398,0.9649858912457715,0.12746234067207415
646,96.94862881421398,0.9649734899319679,0.12553109308613364
647,96.94862881421398,0.9649734899319679,0.12553109308613364
648,96.94862881421398,0.9649734899319679,0.12553109308613364
649,96.94862881421398,0.9649734899319679,0.12553109308613364
650,96.98725376593279,0.9652884934522614,0.12514484356894554
651,97.02587871765161,0.9657344892658662,0.12166859791425261
652,97.06450366937041,0.9661800129658407,0.11819235225955968
653,97.06450366937041,0.9661800129658407,0.11819235225955968
654,97.06450366937041,0.9661800129658407,0.11819235225955968
655,97.06450366937041,0.9661800129658407,0.11819235225955968
656,97.06450366937041,0.9661800129658407,0.11819235225955968
657,97.06450366937041,0.9661800129658407,0.11819235225955968
658,97.06450366937041,0.9661800129658407,0.11819235225955968
659,97.06450366937041,0.9661800129658407,0.11819235225955968
660,97.06450366937041,0.9661800129658407,0.11819235225955968
661,97.06450366937041,0.9661800129658407,0.11819235225955968
662,97.06450366937041,0.9661800129658407,0.11819235225955968
663,97.06450366937041,0.9661800129658407,0.11819235225955968
664,97.06450366937041,0.9661800129658407,0.11819235225955968
665,97.10312862108921,0.9666696307132029,0.11780610274237158
666,97.10312862108921,0.9666696307132029,0.11780610274237158
667,97.10312862108921,0.9666696307132029,0.11780610274237158
668,97.10312862108921,0.9666696307132029,0.11780610274237158
669,97.10312862108921,0.9666696307132029,0.11780610274237158
670,97.10312862108921,0.9666696307132029,0.11780610274237158
671,97.10312862108921,0.9666696307132029,0.11780610274237158
672,97.06450366937041,0.966224064374348,0.1212823483970645
673,97.06450366937041,0.966224064374348,0.1212823483970645
674,97.06450366937041,0.966224064374348,0.1212823483970645
675,97.06450366937041,0.966224064374348,0.1212823483970645
676,97.06450366937041,0.966224064374348,0.1212823483970645
677,97.06450366937041,0.966224064374348,0.1212823483970645
678,97.06450366937041,0.966224064374348,0.1212823483970645
679,97.10312862108921,0.9667380370614495,0.1208960988798764
680,97.10312862108921,0.9666992631458202,0.12205484743144071
681,97.10312862108921,0.9666992631458202,0.12205484743144071
682,97.10312862108921,0.9666992631458202,0.12205484743144071
683,97.10312862108921,0.9666992631458202,0.12205484743144071
684,97.10312862108921,0.9666992631458202,0.12205484743144071
685,97.10312862108921,0.9666992631458202,0.12205484743144071
686,97.10312862108921,0.9666992631458202,0.12205484743144071
687,97.10312862108921,0.9666992631458202,0.12205484743144071
688,97.10312862108921,0.9666992631458202,0.12205484743144071
689,97.10312862108921,0.9666992631458202,0.12205484743144071
690,97.10312862108921,0.9666992631458202,0.12205484743144071
691,97.10312862108921,0.9666992631458202,0.12205484743144071
692,97.10312862108921,0.9666992631458202,0.12205484743144071
693,97.10312862108921,0.9666992631458202,0.12205484743144071
694,97.10312862108921,0.9666992631458202,0.12205484743144071
695,97.10312862108921,0.9666992631458202,0.12205484743144071
696,97.10312862108921,0.9666992631458202,0.12205484743144071
697,97.10312862108921,0.9666992631458202,0.12205484743144071
698,97.10312862108921,0.9666992631458202,0.12205484743144071
699,97.10312862108921,0.9666992631458202,0.12205484743144071
700,97.10312862108921,0.9666992631458202,0.12205484743144071
701,97.10312862108921,0.9666992631458202,0.12205484743144071
702,97.10312862108921,0.9666992631458202,0.12205484743144071
703,97.10312862108921,0.9666992631458202,0.12205484743144071
704,97.14175357280803,0.9671884875119,0.12166859791425261
705,97.14175357280803,0.9671884875119,0.12166859791425261
706,97.14175357280803,0.9671884875119,0.12166859791425261
707,97.14175357280803,0.9671884875119,0.12166859791425261
708,97.18037852452684,0.9676778642393844,0.1212823483970645
709,97.18037852452684,0.9676778642393844,0.1212823483970645
710,97.18037852452684,0.9676778642393844,0.1212823483970645
711,97.21900347624566,0.9681228180673366,0.11780610274237158
712,97.21900347624566,0.9681228180673366,0.11780610274237158
713,97.21900347624566,0.9681228180673366,0.11780610274237158
714,97.21900347624566,0.9681228180673366,0.11780610274237158
715,97.21900347624566,0.9681228180673366,0.11780610274237158
716,97.21900347624566,0.9681228180673366,0.11780610274237158
717,97.21900347624566,0.9681228180673366,0.11780610274237158
718,97.21900347624566,0.9681228180673366,0.11780610274237158
719,97.21900347624566,0.9681228180673366,0.11780610274237158
720,97.21900347624566,0.9681228180673366,0.11780610274237158
721,97.21900347624566,0.9681228180673366,0.11780610274237158
722,97.25762842796446,0.9685673028251461,0.11432985708767864
723,97.25762842796446,0.9685673028251461,0.11432985708767864
724,97.25762842796446,0.9685673028251461,0.11432985708767864
725,97.25762842796446,0.9685673028251461,0.11432985708767864
726,97.25762842796446,0.9685673028251461,0.11432985708767864
727,97.25762842796446,0.9685673028251461,0.11432985708767864
728,97.25762842796446,0.9685673028251461,0.11432985708767864
729,97.25762842796446,0.9685673028251461,0.11432985708767864
730,97.25762842796446,0.9685673028251461,0.11432985708767864
731,97.25762842796446,0.9685673028251461,0.11432985708767864
732,97.29625337968328,0.9690113210103005,0.11085361143298571
733,97.29625337968328,0.9690113210103005,0.11085361143298571
734,97.29625337968328,0.9690113210103005,0.11085361143298571
735,97.29625337968328,0.9690113210103005,0.11085361143298571
736,97.29625337968328,0.9690113210103005,0.11085361143298571
737,97.33487833140208,0.9695009729209572,0.1104673619157976
738,97.33487833140208,0.9695009729209572,0.1104673619157976
739,97.33487833140208,0.9695009729209572,0.1104673619157976
740,97.33487833140208,0.9695009729209572,0.1104673619157976
741,97.33487833140208,0.9695009729209572,0.1104673619157976
742,97.33487833140208,0.9695124617127824,0.11239860950173812
743,97.33487833140208,0.9695124617127824,0.11239860950173812
744,97.33487833140208,0.9695124617127824,0.11239860950173812
745,97.33487833140208,0.9695124617127824,0.11239860950173812
746,97.33487833140208,0.9695124617127824,0.11239860950173812
747,97.33487833140208,0.9695124617127824,0.11239860950173812
748,97.33487833140208,0.9695124617127824,0.11239860950173812
749,97.33487833140208,0.9695124617127824,0.11239860950173812
750,97.33487833140208,0.9695124617127824,0.11239860950173812
751,97.33487833140208,0.9695124617127824,0.11239860950173812
752,97.33487833140208,0.9695124617127824,0.11239860950173812
753,97.33487833140208,0.9695124617127824,0.11239860950173812
754,97.33487833140208,0.9695124617127824,0.11239860950173812
755,97.33487833140208,0.9695124617127824,0.11239860950173812
756,97.33487833140208,0.9695124617127824,0.11239860950173812
757,97.33487833140208,0.9695124617127824,0.11239860950173812
758,97.33487833140208,0.9695124617127824,0.11239860950173812
759,97.33487833140208,0.9695124617127824,0.11239860950173812
760,97.33487833140208,0.9695124617127824,0.11239860950173812
761,97.33487833140208,0.9695124617127824,0.11239860950173812
762,97.33487833140208,0.9695124617127824,0.11239860950173812
763,97.3735032831209,0.969937024074454,0.11085361143298571
764,97.3735032831209,0.969937024074454,0.11085361143298571
765,97.3735032831209,0.969937024074454,0.11085361143298571
766,97.3735032831209,0.969937024074454,0.11085361143298571
767,97.3735032831209,0.969937024074454,0.11085361143298571
768,97.3735032831209,0.969937024074454,0.11085361143298571
769,97.3735032831209,0.969937024074454,0.11085361143298571
770,97.4121282348397,0.9703120664325001,0.1093086133642333
771,97.4121282348397,0.9703120664325001,0.1093086133642333
772,97.4121282348397,0.9703120664325001,0.1093086133642333
773,97.45075318655852,0.9708247681894213,0.10892236384704519
774,97.45075318655852,0.9708247681894213,0.10892236384704519
775,97.48937813827733,0.9713372179373201,0.10853611432985709
776,97.48937813827733,0.9713372179373201,0.10853611432985709
777,97.48937813827733,0.9713372179373201,0.10853611432985709
778,97.48937813827733,0.9713372179373201,0.10853611432985709
779,97.48937813827733,0.9713372179373201,0.10853611432985709
780,97.48937813827733,0.9713372179373201,0.10853611432985709
781,97.48937813827733,0.9713372179373201,0.10853611432985709
782,97.48937813827733,0.9713372179373201,0.10853611432985709
783,97.48937813827733,0.9713372179373201,0.10853611432985709
784,97.48937813827733,0.9713372179373201,0.10853611432985709
785,97.48937813827733,0.9713372179373201,0.10853611432985709
786,97.48937813827733,0.9713372179373201,0.10853611432985709
787,97.48937813827733,0.9713372179373201,0.10853611432985709
788,97.48937813827733,0.9713372179373201,0.10853611432985709
789,97.48937813827733,0.9713372179373201,0.10853611432985709
790,97.48937813827733,0.9713372179373201,0.10853611432985709
791,97.48937813827733,0.9713372179373201,0.10853611432985709
792,97.52800308999613,0.9716525276875112,0.10814986481266899
793,97.52800308999613,0.9716525276875112,0.10814986481266899
794,97.52800308999613,0.9716525276875112,0.10814986481266899
795,97.52800308999613,0.9716525276875112,0.10814986481266899
796,97.52800308999613,0.9716525276875112,0.10814986481266899
797,97.52800308999613,0.9716525276875112,0.10814986481266899
798,97.52800308999613,0.9716525276875112,0.10814986481266899
799,97.56662804171495,0.972094868427748,0.10467361915797606
800,97.56662804171495,0.972094868427748,0.10467361915797606
801,97.60525299343375,0.972536750136034,0.10119737350328312
802,97.60525299343375,0.972536750136034,0.10119737350328312
803,97.60525299343375,0.972536750136034,0.10119737350328312
804,97.60525299343375,0.972536750136034,0.10119737350328312
805,97.60525299343375,0.972536750136034,0.10119737350328312
806,97.60525299343375,0.972536750136034,0.10119737350328312
807,97.60525299343375,0.972536750136034,0.10119737350328312
808,97.60525299343375,0.972536750136034,0.10119737350328312
809,97.60525299343375,0.972536750136034,0.10119737350328312
810,97.60525299343375,0.972536750136034,0.10119737350328312
811,97.60525299343375,0.972536750136034,0.10119737350328312
812,97.60525299343375,0.972536750136034,0.10119737350328312
813,97.60525299343375,0.972536750136034,0.10119737350328312
814,97.64387794515257,0.973047666592228,0.10081112398609501
815,97.64387794515257,0.973047666592228,0.10081112398609501
816,97.64387794515257,0.973047666592228,0.10081112398609501
817,97.64387794515257,0.973047666592228,0.10081112398609501
818,97.64387794515257,0.973047666592228,0.10081112398609501
819,97.64387794515257,0.973047666592228,0.10081112398609501
820,97.64387794515257,0.973047666592228,0.10081112398609501
821,97.64387794515257,0.973047666592228,0.10081112398609501
822,97.64387794515257,0.973047666592228,0.10081112398609501
823,97.64387794515257,0.973047666592228,0.10081112398609501
824,97.64387794515257,0.973047666592228,0.10081112398609501
825,97.68250289687138,0.9734725490031417,0.0992661259173426
826,97.68250289687138,0.9734725490031417,0.0992661259173426
827,97.68250289687138,0.9734725490031417,0.0992661259173426
828,97.68250289687138,0.9734725490031417,0.0992661259173426
829,97.68250289687138,0.9734725490031417,0.0992661259173426
830,97.68250289687138,0.9734725490031417,0.0992661259173426
831,97.68250289687138,0.9734725490031417,0.0992661259173426
832,97.68250289687138,0.9734725490031417,0.0992661259173426
833,97.68250289687138,0.9734725490031417,0.0992661259173426
834,97.68250289687138,0.9734725490031417,0.0992661259173426
835,97.68250289687138,0.9734725490031417,0.0992661259173426
836,97.68250289687138,0.9734725490031417,0.0992661259173426
837,97.68250289687138,0.9734725490031417,0.0992661259173426
838,97.68250289687138,0.9734725490031417,0.0992661259173426
839,97.7211278485902,0.9739133683543203,0.09578988026264967
840,97.7211278485902,0.9739133683543203,0.09578988026264967
841,97.7211278485902,0.9739133683543203,0.09578988026264967
842,97.7211278485902,0.9739133683543203,0.09578988026264967
843,97.7211278485902,0.9739133683543203,0.09578988026264967
844,97.7211278485902,0.9739133683543203,0.09578988026264967
845,97.7211278485902,0.9739133683543203,0.09578988026264967
846,97.7211278485902,0.9739133683543203,0.09578988026264967
847,97.7211278485902,0.9739133683543203,0.09578988026264967
848,97.7211278485902,0.9739133683543203,0.09578988026264967
849,97.7211278485902,0.9739133683543203,0.09578988026264967
850,97.7211278485902,0.9739133683543203,0.09578988026264967
851,97.7211278485902,0.9739133683543203,0.09578988026264967
852,97.7211278485902,0.9739133683543203,0.09578988026264967
853,97.7211278485902,0.9739133683543203,0.09578988026264967
854,97.7211278485902,0.9739133683543203,0.09578988026264967
855,97.7211278485902,0.9739133683543203,0.09578988026264967
856,97.7211278485902,0.9739133683543203,0.09578988026264967
857,97.7211278485902,0.9739133683543203,0.09578988026264967
858,97.7211278485902,0.9739133683543203,0.09578988026264967
859,97.7211278485902,0.9739133683543203,0.09578988026264967
860,97.7211278485902,0.9739133683543203,0.09578988026264967
861,97.7211278485902,0.9739133683543203,0.09578988026264967
862,97.7211278485902,0.9739133683543203,0.09578988026264967
863,97.7211278485902,0.9739133683543203,0.09578988026264967
864,97.759752800309,0.9744045751061213,0.09540363074546157
865,97.7983777520278,0.9748449736264629,0.09192738509076864
866,97.7983777520278,0.9748449736264629,0.09192738509076864
867,97.7983777520278,0.9748449736264629,0.09192738509076864
868,97.7983777520278,0.9748449736264629,0.09192738509076864
869,97.7983777520278,0.9748449736264629,0.09192738509076864
870,97.7983777520278,0.9748449736264629,0.09192738509076864
871,97.7983777520278,0.9748449736264629,0.09192738509076864
872,97.7983777520278,0.9748449736264629,0.09192738509076864
873,97.7983777520278,0.9748449736264629,0.09192738509076864
874,97.7983777520278,0.9748449736264629,0.09192738509076864
875,97.83700270374662,0.9752708522081084,0.09038238702201622
876,97.83700270374662,0.9752708522081084,0.09038238702201622
877,97.83700270374662,0.9752708522081084,0.09038238702201622
878,97.83700270374662,0.9752708522081084,0.09038238702201622
879,97.83700270374662,0.9752708522081084,0.09038238702201622
880,97.83700270374662,0.9752708522081084,0.09038238702201622
881,97.83700270374662,0.9752708522081084,0.09038238702201622
882,97.83700270374662,0.9752708522081084,0.09038238702201622
883,97.83700270374662,0.9752708522081084,0.09038238702201622
884,97.83700270374662,0.9752708522081084,0.09038238702201622
885,97.83700270374662,0.9752708522081084,0.09038238702201622
886,97.83700270374662,0.9752708522081084,0.09038238702201622
887,97.83700270374662,0.9752708522081084,0.09038238702201622
888,97.83700270374662,0.9752708522081084,0.09038238702201622
889,97.83700270374662,0.9752708522081084,0.09038238702201622
890,97.83700270374662,0.9752708522081084,0.09038238702201622
891,97.83700270374662,0.9752708522081084,0.09038238702201622
892,97.83700270374662,0.9752708522081084,0.09038238702201622
893,97.87562765546544,0.9756884386788202,0.08690614136732329
894,97.87562765546544,0.9756884386788202,0.08690614136732329
895,97.87562765546544,0.9756884386788202,0.08690614136732329
896,97.87562765546544,0.9756884386788202,0.08690614136732329
897,97.87562765546544,0.9756884386788202,0.08690614136732329
898,97.87562765546544,0.9756884386788202,0.08690614136732329
899,97.87562765546544,0.9756884386788202,0.08690614136732329
900,97.87562765546544,0.9756884386788202,0.08690614136732329
901,97.87562765546544,0.9756884386788202,0.08690614136732329
902,97.87562765546544,0.9756884386788202,0.08690614136732329
903,97.87562765546544,0.9756884386788202,0.08690614136732329
904,97.87562765546544,0.9756884386788202,0.08690614136732329
905,97.87562765546544,0.9756884386788202,0.08690614136732329
906,97.87562765546544,0.9756884386788202,0.08690614136732329
907,97.87562765546544,0.9756884386788202,0.08690614136732329
908,97.87562765546544,0.9756884386788202,0.08690614136732329
909,97.87562765546544,0.9756884386788202,0.08690614136732329
910,97.87562765546544,0.9756884386788202,0.08690614136732329
911,97.87562765546544,0.9756884386788202,0.08690614136732329
912,97.87562765546544,0.9756884386788202,0.08690614136732329
913,97.87562765546544,0.9756884386788202,0.08690614136732329
914,97.87562765546544,0.9756884386788202,0.08690614136732329
915,97.87562765546544,0.9756884386788202,0.08690614136732329
916,97.87562765546544,0.9756884386788202,0.08690614136732329
917,97.91425260718424,0.976180988879783,0.08651989185013519
918,97.91425260718424,0.976180988879783,0.08651989185013519
919,97.91425260718424,0.976180988879783,0.08651989185013519
920,97.91425260718424,0.976180988879783,0.08651989185013519
921,97.91425260718424,0.976180988879783,0.08651989185013519
922,97.91425260718424,0.976180988879783,0.08651989185013519
923,97.91425260718424,0.976180988879783,0.08651989185013519
924,97.91425260718424,0.9761392953064125,0.0876786404016995
925,97.95287755890305,0.9765793063996774,0.08420239474700657
926,97.95287755890305,0.9765793063996774,0.08420239474700657
927,97.95287755890305,0.9765793063996774,0.08420239474700657
928,97.95287755890305,0.9765793063996774,0.08420239474700657
929,97.95287755890305,0.9765793063996774,0.08420239474700657
930,97.95287755890305,0.9765793063996774,0.08420239474700657
931,97.95287755890305,0.9765793063996774,0.08420239474700657
932,97.95287755890305,0.9765793063996774,0.08420239474700657
933,97.95287755890305,0.9765793063996774,0.08420239474700657
934,97.95287755890305,0.9765793063996774,0.08420239474700657
935,97.95287755890305,0.9765793063996774,0.08420239474700657
936,97.95287755890305,0.9765793063996774,0.08420239474700657
937,97.95287755890305,0.9765793063996774,0.08420239474700657
938,97.95287755890305,0.9765793063996774,0.08420239474700657
939,97.95287755890305,0.9765793063996774,0.08420239474700657
940,97.95287755890305,0.9765793063996774,0.08420239474700657
941,97.95287755890305,0.9765793063996774,0.08420239474700657
942,97.95287755890305,0.9765793063996774,0.08420239474700657
943,97.95287755890305,0.9765793063996774,0.08420239474700657
944,97.95287755890305,0.9765793063996774,0.08420239474700657
945,97.95287755890305,0.9765793063996774,0.08420239474700657
946,97.95287755890305,0.9765793063996774,0.08420239474700657
947,97.95287755890305,0.9765793063996774,0.08420239474700657
948,97.95287755890305,0.9765793063996774,0.08420239474700657
949,97.95287755890305,0.9765793063996774,0.08420239474700657
950,97.95287755890305,0.9765793063996774,0.08420239474700657
951,97.95287755890305,0.9765793063996774,0.08420239474700657
952,97.95287755890305,0.9765793063996774,0.08420239474700657
953,97.95287755890305,0.9766799949933828,0.08111239860950174
954,97.95287755890305,0.9766799949933828,0.08111239860950174
955,97.95287755890305,0.9766799949933828,0.08111239860950174
956,97.95287755890305,0.9766799949933828,0.08111239860950174
957,97.95287755890305,0.9766799949933828,0.08111239860950174
958,97.95287755890305,0.9766799949933828,0.08111239860950174
959,97.95287755890305,0.9766799949933828,0.08111239860950174
960,97.95287755890305,0.9766799949933828,0.08111239860950174
961,97.95287755890305,0.9766799949933828,0.08111239860950174
962,97.95287755890305,0.9766799949933828,0.08111239860950174
963,97.95287755890305,0.9766799949933828,0.08111239860950174
964,97.95287755890305,0.9766799949933828,0.08111239860950174
965,97.95287755890305,0.9766799949933828,0.08111239860950174
966,97.95287755890305,0.9766799949933828,0.08111239860950174
967,97.95287755890305,0.9766799949933828,0.08111239860950174
968,97.95287755890305,0.9766799949933828,0.08111239860950174
969,97.95287755890305,0.9766799949933828,0.08111239860950174
970,97.95287755890305,0.9766799949933828,0.08111239860950174
971,97.95287755890305,0.9766799949933828,0.08111239860950174
972,97.95287755890305,0.9766799949933828,0.08111239860950174
973,97.95287755890305,0.9766799949933828,0.08111239860950174
974,97.95287755890305,0.9766799949933828,0.08111239860950174
975,97.95287755890305,0.9766799949933828,0.08111239860950174
976,97.95287755890305,0.9766799949933828,0.08111239860950174
977,97.95287755890305,0.9766799949933828,0.08111239860950174
978,97.95287755890305,0.9766799949933828,0.08111239860950174
979,97.95287755890305,0.9766799949933828,0.08111239860950174
980,97.95287755890305,0.9766799949933828,0.08111239860950174
981,97.95287755890305,0.9766799949933828,0.08111239860950174
982,97.95287755890305,0.9766799949933828,0.08111239860950174
983,97.95287755890305,0.9766799949933828,0.08111239860950174
984,97.95287755890305,0.9766799949933828,0.08111239860950174
985,97.95287755890305,0.9766799949933828,0.08111239860950174
986,97.95287755890305,0.9766799949933828,0.08111239860950174
987,97.95287755890305,0.9766799949933828,0.08111239860950174
988,97.95287755890305,0.9766799949933828,0.08111239860950174
989,97.95287755890305,0.9766799949933828,0.08111239860950174
990,97.95287755890305,0.9766799949933828,0.08111239860950174
991,97.95287755890305,0.9766799949933828,0.08111239860950174
992,97.95287755890305,0.9766799949933828,0.08111239860950174
993,97.95287755890305,0.9766799949933828,0.08111239860950174
994,97.95287755890305,0.9766799949933828,0.08111239860950174
995,97.95287755890305,0.9766799949933828,0.08111239860950174
996,97.95287755890305,0.9766799949933828,0.08111239860950174
997,97.95287755890305,0.9766799949933828,0.08111239860950174
998,97.95287755890305,0.9766799949933828,0.08111239860950174
999,97.95287755890305,0.9766799949933828,0.08111239860950174
